{"Minneapolis": [44.96497589984477, -93.22737484402984], "Lund": [55.70818596433585, 13.199609835519682], "Nantes": [47.21559962118296, -1.5540128706026684], "Paris": [48.85939652902515, 2.343404755414149], "Marseille": [43.28614010589421, 5.38165653974379], "Creteil": [48.78368079387765, 2.46049145366762], "Amiens": [49.893901012433744, 2.297570232648363], "Bruxelles-Capitale": [50.84313516230072, 4.3600365409455515], "Stockholm": [11.864838, 3.6200560000000004], "Namur": [50.46328334615385, 4.864005565384615], "Vilnius": [54.688748621081075, 25.282036685135136], "Seville": [37.389110251734174, -5.977935931412517], "Toyama": [36.696154388888885, 137.21241344444445], "Rennes": [48.110847926829265, -1.6763170975609756], "Ljubljana": [46.057564885714285, 14.509854828571429], "Valence": [39.47165190915932, -0.3713272291235199], "Toulouse": [43.601838641796064, 1.4436246381342195], "Rouen": [49.4367233783785, 1.0918513471374327], "Kyoto-Minaport": [35.0030096, 135.7665302], "Washington-DC": [38.91171450197183, -77.0478885971831], "Cergy-Pontoise": [49.03687595621529, 2.059191340710378], "Mulhouse": [47.7471493355654, 7.334883545464068], "Lyon": [45.76018241326346, 4.849864508181625], "Luxembourg": [49.60890833333334, 6.127652638888889], "Boston": [42.35497084736061, -71.08889381802769], "New-York": [40.728282281839476, -73.9834989240438], "Dublin": [53.34434691089108, -6.26436795049505], "Besancon": [47.23975055162605, 6.025432001088863], "Nancy": [48.689290283083594, 6.179969932603644], "Goteborg": [57.7012732, 11.971263630769231], "Lillestrom": [59.956188, 11.050704], "Kazan": [55.79255071428572, 49.120362857142865]}