{"Boston": [42.35533637429193, -71.089635589109], "Goteborg": [57.70126393939394, 11.970996606060606], "Kyoto-Minaport": [35.0030096, 135.7665302], "Stockholm": [11.864838, 3.6200560000000004], "Toyama": [36.696154388888885, 137.21241344444445], "Paris": [48.85940132676892, 2.3432969424440784], "Chattanooga": [35.049836303030304, -85.30662372727272], "Rennes": [48.110847926829265, -1.6763170975609756], "Toulouse": [43.601838641796064, 1.4436246381342195], "Creteil": [48.78368079387765, 2.46049145366762], "Valence": [39.47165190915932, -0.3713272291235199], "Lund": [55.70818596433585, 13.199609835519682], "Cergy-Pontoise": [49.03687595621529, 2.059191340710378], "Montr\u00e9al": [45.51984626399761, -73.58308038336357], "Vilnius": [54.688748621081075, 25.282036685135136], "Nantes": [47.21559962118296, -1.5540128706026684], "Dublin": [53.34434691089108, -6.26436795049505], "Bay-Area": [37.59059815571429, -122.21830664999997], "Namur": [50.46328334615385, 4.864005565384615], "Lyon": [45.760162707211585, 4.849932931812749], "Washington-DC": [38.91171450197183, -77.0478885971831], "Rouen": [49.4367233783785, 1.0918513471374327], "Besancon": [47.23976571829272, 6.025433301088864], "Kazan": [55.79255071428572, 49.120362857142865], "Minneapolis": [44.96497589984477, -93.22737484402984], "Ljubljana": [46.057564885714285, 14.509854828571429], "Amiens": [49.89402986920837, 2.297250109386336], "Lillestrom": [59.956188, 11.050704], "Luxembourg": [49.60890833333334, 6.127652638888889], "New-York": [40.72843741577941, -73.9835041309007], "Marseille": [43.28642066911813, 5.381818539108117], "Chicago": [41.891601261821435, -87.65151394654421], "Seville": [37.389089710334915, -5.977670492884916], "Mulhouse": [47.74714623622281, 7.334880146820538], "Bruxelles-Capitale": [50.84300395266419, 4.360245798679199], "London": [51.50546068576889, -0.13176099083288279], "Nancy": [48.689290283083594, 6.179969932603644]}