{"Toulouse": [43.601838641796064, 1.4436246381342195], "Dublin": [53.34434691089108, -6.26436795049505], "Seville": [37.389089710334915, -5.977670492884916], "Lund": [55.70818596433585, 13.199609835519682], "Paris": [48.859398545294006, 2.3433390746216753], "Valence": [39.47165190915932, -0.3713272291235199], "London": [51.50540393398205, -0.13198540567938719], "Bay-Area": [37.59059815571429, -122.21830664999997], "Ljubljana": [46.057564885714285, 14.509854828571429], "Lillestrom": [59.956188, 11.050704], "Marseille": [43.28657976088802, 5.381740667661648], "Besancon": [47.23976571829272, 6.025433301088864], "Luxembourg": [49.60890833333334, 6.127652638888889], "Toyama": [36.69639115789474, 137.21237794736842], "Chattanooga": [35.049836303030304, -85.30662372727272], "Chicago": [41.891636291253725, -87.65153173366883], "Lyon": [45.76020815434225, 4.85001322352319], "Rennes": [48.110847926829265, -1.6763170975609756], "Nantes": [47.21559962118296, -1.5540128706026684], "Bruxelles-Capitale": [50.84289435472054, 4.360477269808524], "Goteborg": [57.70126393939394, 11.970996606060606], "Nancy": [48.689290283083594, 6.179969932603644], "Minneapolis": [44.96497589984477, -93.22737484402984], "Kazan": [55.79255071428572, 49.120362857142865], "Amiens": [49.89402986920837, 2.297250109386336], "New-York": [40.72843485643916, -73.98350591622372], "Stockholm": [11.864838, 3.6200560000000004], "Kyoto-Minaport": [35.0030096, 135.76653019999998], "Namur": [50.46328334615385, 4.864005565384615], "Mulhouse": [47.74714623622281, 7.334880146820538], "Cergy-Pontoise": [49.03687595621529, 2.059191340710378], "Rouen": [49.4367233783785, 1.0918513471374327], "Washington-DC": [38.91168004817927, -77.0475561372549], "Creteil": [48.78368079387765, 2.46049145366762], "Vilnius": [54.688748621081075, 25.282036685135136]}