{"Goteborg": [57.7014306716418, 11.971288492537315], "Vienna": [48.20833541307251, 16.357255266086185], "Lund": [55.70818596433585, 13.199609835519682], "Luxembourg": [49.60808529411765, 6.126304264705882], "Nice": [40.686715529582564, 6.746152877309821], "Kyoto-Minaport": [35.0030096, 135.76653019999998], "Mulhouse": [47.74714623622281, 7.334880146820538], "Dublin": [53.34434691089108, -6.26436795049505], "Bruxelles-Capitale": [50.84281524613124, 4.3606157661172205], "Lillestrom": [59.956188, 11.050704], "Toulouse": [43.6018567904601, 1.443694728970008], "Seville": [37.389089710334915, -5.977670492884916], "Kazan": [55.79255071428572, 49.120362857142865], "Lyon": [45.760162707211585, 4.849932931812749], "Nantes": [47.21561251120399, -1.554068100185265], "Paris": [48.85948089378389, 2.343485314568996], "Namur": [50.46327803846154, 4.864008257692307], "Vilnius": [54.68934476263158, 25.282473061842108], "Rennes": [48.110847926829265, -1.6763170975609756], "Marseille": [43.28654249071287, 5.381740929598886], "Minneapolis": [44.96497589984477, -93.22737484402984], "Toyama": [36.69639073684211, 137.2124206842105], "Stockholm": [0.0, 0.0], "Ljubljana": [46.057564885714285, 14.509854828571429], "Bay-Area": [37.590605970000006, -122.21828806428569], "Amiens": [49.89402986920837, 2.297250109386336], "Chicago": [41.89163733011682, -87.65152938874989], "New-York": [40.72813104169451, -73.9836040888397], "Nancy": [48.689290283083594, 6.179969932603644], "Montr\u00e9al": [45.51986817388829, -73.58207311282229], "Washington-DC": [38.91203635251397, -77.04771784636873], "Besancon": [47.23976571829272, 6.025433301088864], "Creteil": [48.78368079387765, 2.46049145366762], "Cergy-Pontoise": [49.03687595621529, 2.059191340710378], "Vannes": [47.652765960693365, -2.763032064437867], "Rouen": [49.4367233783785, 1.0918513471374327], "Valence": [39.47165190915932, -0.3713272291235199], "Chattanooga": [35.049836303030304, -85.30662372727272], "London": [51.43650402099843, -0.13072909438799757]}