{"Bruxelles-Capitale": [50.84281524613124, 4.3606157661172205], "Vienna": [48.20833541307251, 16.357255266086185], "KonstancinJeziorna": [52.09045039963902, 21.11854648590088], "Rennes": [48.110847926829265, -1.6763170975609756], "Besancon": [47.23976571829272, 6.025433301088864], "Dublin": [53.34434691089108, -6.26436795049505], "Luxembourg": [49.60808529411765, 6.126304264705882], "Ljubljana": [46.057564885714285, 14.509854828571429], "Bay-Area": [37.590605970000006, -122.21828806428569], "WestPalmBeachFlorida": [26.71249938512964, -80.05370877246855], "Namur": [50.46327803846154, 4.864008257692307], "Christchurch": [-43.53090284603204, 172.63432466983795], "Zagreb": [45.7987013077458, 15.975013646806875], "Washington-DC": [38.91203635251397, -77.04771784636873], "Stockholm": [0.0, 0.0], "London": [51.43650402099843, -0.13072909438799757], "GrodziskMazowiecki": [52.10638509410806, 20.627756714820862], "Kyoto-Minaport": [35.0030096, 135.76653019999998], "New-York": [40.72813104169451, -73.9836040888397], "Rouen": [49.4367233783785, 1.0918513471374327], "Lyon": [45.760162707211585, 4.849932931812749], "Saint-Etienne": [45.44125910344828, 4.389253724137932], "Goteborg": [57.7014306716418, 11.971288492537315], "Nancy": [48.689290283083594, 6.179969932603644], "Cergy-Pontoise": [49.03687595621529, 2.059191340710378], "Montr\u00e9al": [45.51986817388829, -73.58207311282229], "Chattanooga": [35.049836303030304, -85.30662372727272], "Jurmala": [56.977349029525335, 23.830398470163345], "Toyama": [36.69639073684211, 137.2124206842105], "Krakow": [50.06646845995405, 19.943618606776], "Paris": [48.85948089378389, 2.343485314568996], "Belfast": [54.5972241010308, -5.927720947911022], "Seville": [37.389089710334915, -5.977670492884916], "Warszawa": [52.22428673663009, 21.007420749713976], "Wroclaw": [51.10527366342586, 17.030918757008905], "Auckland": [-36.831485769611696, 174.7367953658105], "Creteil": [48.78368079387765, 2.46049145366762], "Nantes": [47.21561251120399, -1.554068100185265], "Vannes": [47.652765960693365, -2.763032064437867], "Pittsburgh": [40.44692170709804, -79.96688558042419], "Seferihisar": [38.45914457458338, 27.104458697140224], "Strasbourg": [48.58109733333333, 7.747336761904762], "Vilnius": [54.68934476263158, 25.282473061842108], "Daejeon": [36.35264490247525, 127.39070768811882], "Avignon": [43.9459058, 4.809686000000001], "Minneapolis": [44.96497589984477, -93.22737484402984], "Nice": [43.691984290290364, 7.244448260292932], "Chicago": [41.89163733011682, -87.65152938874989], "Mulhouse": [47.74714623622281, 7.334880146820538], "Sibenik": [43.730973442528594, 15.898417353630066], "Kazan": [55.79255071428572, 49.120362857142865], "Calais": [50.949110640055025, 1.859074284183054], "Toulouse": [43.6018567904601, 1.443694728970008], "Amiens": [49.89402986920837, 2.297250109386336], "Bialystok": [53.128792978486445, 23.147789511991583], "Lund": [55.70818596433585, 13.199609835519682], "Dubai": [25.133261234498498, 55.208074795361554], "Valence": [44.92825985, 4.894439950000001], "Heidelberg": [49.40879543405878, 8.69198992613305], "Lillestrom": [59.956188, 11.050704], "Riga": [56.957403927566986, 24.117178450460013], "Marseille": [43.28654249071287, 5.381740929598886], "Montpellier": [43.61143109615385, 3.874160634615385], "Lublin": [51.24094774200992, 22.552112202311672], "AbuDhabi": [24.430411809549945, 54.61779647600555]}