{"Ljubljana": [46.057564885714285, 14.509854828571429], "Paris": [48.85948089378389, 2.343485314568996], "Namur": [50.46327803846154, 4.864008257692307], "Rennes": [48.110847926829265, -1.6763170975609756], "Kyoto-Minaport": [35.0030096, 135.76653019999998], "Lyon": [45.760162707211585, 4.849932931812749], "Washington-DC": [38.91203635251397, -77.04771784636873], "Cergy-Pontoise": [49.03687595621529, 2.059191340710378], "New-York": [40.728150071203785, -73.98360469259234], "Creteil": [48.78368079387765, 2.46049145366762], "Bruxelles-Capitale": [50.84281524613124, 4.3606157661172205], "Rouen": [49.4367233783785, 1.0918513471374327], "Vilnius": [54.68934476263158, 25.282473061842108], "Lillestrom": [59.956188, 11.050704], "Goteborg": [57.7014306716418, 11.971288492537315], "Seville": [37.389089710334915, -5.977670492884916], "Marseille": [43.28654249071287, 5.381740929598886], "Stockholm": [0.0, 0.0], "Lund": [55.70818596433585, 13.199609835519682], "Valence": [39.47165190915932, -0.3713272291235199], "Toulouse": [43.6018567904601, 1.443694728970008], "Mulhouse": [47.74714623622281, 7.334880146820538], "London": [51.43637936799722, -0.13067464460271494], "Luxembourg": [49.60808529411765, 6.126304264705882], "Kazan": [55.79255071428572, 49.120362857142865], "Chattanooga": [35.049836303030304, -85.30662372727272], "Nancy": [48.689290283083594, 6.179969932603644], "Amiens": [49.89402986920837, 2.297250109386336], "Toyama": [36.69639073684211, 137.2124206842105], "Chicago": [41.89163733011682, -87.65152938874989], "Minneapolis": [44.96497589984477, -93.22737484402984], "Besancon": [47.23976571829272, 6.025433301088864], "Bay-Area": [37.590605970000006, -122.21828806428569], "Dublin": [53.34434691089108, -6.26436795049505]}